"Player","Team","POS","ATT","YDS","TDS","REC","YDS","TDS","FL","FPTS"
" "," ","","",""
"Christian McCaffrey","CAR","RB1","239.4","1,110.6","9.5","101.5","862.2","3.9","2.5","272.6"
"Ezekiel Elliott","DAL","RB2","295.5","1,282.7","10.2","58.7","474.6","2.6","2.7","247.0"
"Derrick Henry","TEN","RB3","307.1","1,495.5","10.9","21.9","197.4","1.0","2.2","236.3"
"Dalvin Cook","MIN","RB4","259.6","1,117.0","10.8","62.4","540.0","1.2","2.3","233.0"
"Saquon Barkley","NYG","RB5","257.4","1,164.9","9.2","61.7","496.8","2.3","1.9","231.3"
"Alvin Kamara","NO","RB6","187.8","866.4","8.0","81.1","590.9","2.6","2.1","204.7"
"Aaron Jones","GB","RB7","201.1","890.0","11.0","41.8","359.2","2.0","1.5","200.0"
"Nick Chubb","CLE","RB8","266.5","1,281.5","8.0","23.3","186.2","0.5","2.0","193.8"
"Kenyan Drake","ARI","RB9","194.7","906.7","9.2","55.1","414.9","1.5","1.6","193.0"
"Joe Mixon","CIN","RB10","264.5","1,095.7","7.2","37.8","299.1","2.3","1.9","192.2"
"Josh Jacobs","LV","RB11","250.6","1,132.6","8.5","31.7","249.8","0.6","1.9","189.4"
"Michael Thomas","NO","WR1","1.0","-5.0","0.0","122.9","1,400.1","8.5","0.8","189.1"
"Chris Carson","SEA","RB12","260.1","1,123.0","7.2","37.8","284.5","1.8","2.9","188.7"
"Miles Sanders","PHI","RB13","223.5","983.8","5.2","49.1","440.7","2.5","2.0","184.8"
"Julio Jones","ATL","WR2","1.9","6.7","0.0","102.6","1,443.5","6.9","0.8","184.7"
"Austin Ekeler","LAC","RB14","153.6","682.6","3.8","65.1","665.4","4.5","1.6","181.3"
"Tyreek Hill","KC","WR3","12.1","62.8","0.3","80.4","1,191.8","8.5","0.7","177.1"
"Davante Adams","GB","WR4","0.0","0.0","0.0","99.5","1,293.0","8.1","0.8","176.5"
"Todd Gurley","ATL","RB15","203.9","811.8","7.1","45.2","361.0","2.7","1.6","172.9"
"David Johnson","HOU","RB16","200.9","771.8","4.7","40.6","417.7","4.4","1.6","170.2"
"Le'Veon Bell","NYJ","RB17","239.6","885.4","4.7","65.2","489.6","1.4","2.0","170.2"
"Leonard Fournette","JAC","RB18","205.9","855.7","5.9","60.9","438.2","1.0","1.9","167.4"
"Mike Evans","TB","WR5","0.0","0.0","0.0","71.7","1,164.4","8.6","0.7","166.6"
"Travis Kelce","KC","TE1","0.0","0.0","0.0","91.8","1,150.8","8.4","0.8","164.1"
"Chris Godwin","TB","WR6","1.0","8.0","0.0","80.4","1,176.2","7.8","0.8","163.7"
"DeAndre Hopkins","ARI","WR7","2.4","15.3","0.1","97.7","1,160.3","7.9","0.8","163.6"
"Mark Ingram II","BAL","RB19","180.7","876.7","7.4","24.6","206.2","2.0","1.4","162.1"
"Melvin Gordon","DEN","RB20","181.6","754.6","7.6","42.1","325.7","1.9","1.6","162.1"
"Kenny Golladay","DET","WR8","0.0","3.0","0.0","64.6","1,129.5","8.0","0.7","159.9"
"Raheem Mostert","SF","RB21","169.4","878.6","8.0","17.5","168.1","1.6","1.4","159.4"
"Clyde Edwards-Helaire","KC","RB22","148.8","634.3","6.4","39.9","413.6","3.2","1.9","158.9"
"James Conner","PIT","RB23","185.0","764.3","6.6","41.3","310.5","2.2","1.5","157.2"
"Adam Thielen","MIN","WR9","4.7","19.3","0.6","77.4","1,088.1","7.2","0.8","156.0"
"Devin Singletary","BUF","RB24","184.8","932.9","3.4","40.5","306.0","1.8","1.8","151.2"
"Amari Cooper","DAL","WR10","1.6","10.4","0.0","72.4","1,068.9","7.3","0.7","150.7"
"Calvin Ridley","ATL","WR11","2.4","25.2","0.0","76.6","1,021.7","7.8","0.7","150.1"
"Tyler Lockett","SEA","WR12","5.2","20.3","0.1","77.5","1,072.9","7.0","0.7","150.0"
"A.J. Brown","TEN","WR13","4.2","43.2","0.6","59.1","1,020.4","6.9","0.7","149.6"
"D.J. Moore","CAR","WR14","7.1","56.0","0.1","90.1","1,208.3","4.2","1.5","149.3"
"Cooper Kupp","LAR","WR15","3.0","14.9","0.1","83.6","1,040.1","7.5","0.9","148.9"
"DeVante Parker","MIA","WR16","0.0","0.0","0.0","71.3","1,090.5","6.7","0.6","148.1"
"Courtland Sutton","DEN","WR17","2.0","11.6","0.0","70.1","1,067.8","6.9","0.8","147.9"
"David Montgomery","CHI","RB25","227.9","861.4","6.9","22.7","180.1","0.9","2.0","147.3"
"JuJu Smith-Schuster","PIT","WR18","0.0","2.0","0.0","86.5","1,100.9","6.4","0.7","147.0"
"Terry McLaurin","WAS","WR19","0.0","0.0","0.0","71.8","1,077.0","6.7","0.7","146.2"
"T.Y. Hilton","IND","WR20","0.0","0.0","0.0","72.5","1,009.4","7.6","0.7","144.8"
"Allen Robinson","CHI","WR21","1.4","6.9","0.0","88.0","1,061.9","6.4","1.0","143.6"
"Robert Woods","LAR","WR22","16.9","105.1","0.9","83.6","1,065.7","3.7","0.7","143.6"
"Odell Beckham Jr.","CLE","WR23","3.5","17.8","0.1","74.7","1,071.3","5.7","0.7","142.3"
"Marquise Brown","BAL","WR24","18.0","162.0","0.0","60.4","840.1","7.1","0.6","141.8"
"Ronald Jones II","TB","RB26","186.0","780.1","6.5","29.2","254.4","0.6","2.1","141.7"
"George Kittle","SF","TE2","0.0","0.0","0.0","82.6","1,048.1","6.3","0.7","141.2"
"Keenan Allen","LAC","WR25","4.5","27.9","0.1","87.3","1,058.1","5.5","0.7","140.2"
"D'Andre Swift","DET","RB27","167.4","698.9","4.8","35.2","349.9","1.7","2.0","139.8"
"D.K. Metcalf","SEA","WR26","2.1","10.6","0.0","63.4","991.5","7.1","1.8","139.3"
"Michael Gallup","DAL","WR27","0.0","0.0","0.0","63.7","1,035.0","5.9","0.6","138.0"
"Jarvis Landry","CLE","WR28","1.0","14.0","0.0","76.1","1,019.8","5.9","0.7","137.7"
"Mark Andrews","BAL","TE3","0.0","0.0","0.0","64.9","876.4","8.5","0.8","137.2"
"Cam Akers","LAR","RB28","169.4","711.6","7.0","24.9","229.5","0.8","1.9","137.1"
"Deebo Samuel","SF","WR29","18.3","193.4","1.4","60.8","836.3","4.5","0.8","136.8"
"A.J. Green","CIN","WR30","0.0","0.0","0.0","71.5","1,022.9","6.0","1.3","136.0"
"Marvin Jones","DET","WR31","2.0","5.7","0.0","65.3","902.0","7.6","0.6","135.3"
"Marlon Mack","IND","RB29","189.9","829.1","6.6","15.9","116.1","0.3","1.3","133.5"
"D.J. Chark","JAC","WR32","1.8","12.3","0.0","70.6","963.3","6.1","0.9","132.6"
"Sony Michel","NE","RB30","236.4","903.1","5.8","11.2","88.8","0.2","1.9","131.6"
"Kerryon Johnson","DET","RB31","170.4","657.7","6.5","24.4","223.3","1.1","1.4","131.1"
"Jordan Howard","MIA","RB32","177.5","717.7","6.9","21.5","154.1","0.8","1.3","130.8"
"Jonathan Taylor","IND","RB33","182.6","804.0","6.2","13.2","119.3","0.8","1.9","130.6"
"Stefon Diggs","BUF","WR33","6.6","53.0","0.0","63.2","959.9","5.3","1.4","130.4"
"Derrius Guice","WAS","RB34","145.3","642.8","4.8","33.6","305.8","1.5","1.4","130.3"
"Damien Williams","KC","RB35","115.6","490.4","7.1","29.0","231.4","2.6","1.3","127.8"
"Julian Edelman","NE","WR34","9.6","51.3","0.6","80.9","937.2","4.3","0.9","126.8"
"Kareem Hunt","CLE","RB36","98.1","446.5","4.1","52.5","462.1","2.3","1.3","126.8"
"Tyler Boyd","CIN","WR35","3.5","21.2","0.0","80.6","949.0","5.0","1.3","124.7"
"Zach Ertz","PHI","TE4","0.0","0.0","0.0","84.7","873.9","6.4","0.7","124.4"
"Latavius Murray","NO","RB37","150.0","633.1","6.2","25.8","181.7","1.0","1.3","121.9"
"Darren Waller","LV","TE5","0.0","0.0","0.0","78.5","950.5","4.6","0.7","120.9"
"Phillip Lindsay","DEN","RB38","146.9","678.1","4.6","36.9","238.6","0.5","1.2","119.5"
"Ke'Shawn Vaughn","TB","RB39","145.5","601.9","5.3","25.4","235.6","1.1","1.8","118.3"
"Sterling Shepard","NYG","WR36","7.2","57.9","0.1","74.9","822.5","4.9","0.6","116.9"
"Preston Williams","MIA","WR37","1.0","2.0","0.0","63.3","863.7","5.4","1.2","116.7"
"Darrell Henderson","LAR","RB40","151.2","608.9","4.4","29.3","252.4","1.2","1.4","116.5"
"Darius Slayton","NYG","WR38","0.0","0.0","0.0","54.3","800.2","6.2","0.7","115.9"
"Brandin Cooks","HOU","WR39","5.9","46.7","0.0","57.6","846.0","4.3","0.7","114.3"
"Tevin Coleman","SF","RB41","145.6","621.3","5.2","16.5","157.3","1.2","1.2","114.2"
"Jamison Crowder","NYJ","WR40","2.0","12.0","0.0","74.2","843.8","4.9","0.7","113.6"
"Diontae Johnson","PIT","WR41","4.0","31.4","0.1","69.7","802.0","5.4","1.4","113.5"
"Robby Anderson","CAR","WR42","1.4","7.3","0.0","56.0","838.1","4.9","0.7","112.5"
"John Brown","BUF","WR43","2.0","10.5","0.0","58.8","839.4","4.7","0.6","112.4"
"Christian Kirk","ARI","WR44","12.0","91.6","0.2","66.2","755.6","4.6","0.6","112.4"
"Jared Cook","NO","TE6","0.0","0.0","0.0","48.6","693.4","7.2","0.7","111.3"
"Will Fuller","HOU","WR45","0.0","2.0","0.0","60.6","846.7","4.6","0.7","111.2"
"James White","NE","RB42","76.5","309.5","1.9","60.7","538.7","2.9","1.2","110.9"
"Golden Tate","NYG","WR46","2.9","21.9","0.1","65.1","806.8","4.8","0.8","110.5"
"Zack Moss","BUF","RB43","148.7","674.1","4.5","17.0","145.1","0.8","1.8","110.3"
"Mike Williams","LAC","WR47","2.0","8.0","0.0","47.0","866.9","3.8","0.1","110.0"
"Henry Ruggs III","LV","WR48","4.0","23.8","0.1","59.2","791.7","4.6","0.4","109.4"
"Breshad Perriman","NYJ","WR49","1.9","10.9","0.0","49.1","788.0","4.9","0.1","109.4"
"Emmanuel Sanders","NO","WR50","1.0","9.6","0.1","63.0","765.1","5.4","0.6","109.0"
"Evan Engram","NYG","TE7","0.0","0.0","0.0","67.8","763.6","5.6","0.6","108.8"
"Matt Breida","MIA","RB44","137.9","618.1","2.1","36.3","264.3","1.6","1.4","107.7"
"Boston Scott","PHI","RB45","107.7","436.4","5.9","35.5","277.1","0.5","1.4","107.0"
"Curtis Samuel","CAR","WR51","20.2","141.6","0.8","49.5","591.6","4.9","0.6","106.6"
"Rob Gronkowski","TB","TE8","0.0","0.0","0.0","52.8","781.9","4.9","0.6","106.5"
"Hunter Henry","LAC","TE9","0.0","0.0","0.0","61.9","742.9","5.4","0.7","105.2"
"Sammy Watkins","KC","WR52","3.2","23.3","0.1","55.1","796.4","3.9","0.7","104.5"
"Tyler Higbee","LAR","TE10","0.0","0.0","0.0","72.0","778.8","4.4","0.6","103.2"
"CeeDee Lamb","DAL","WR53","2.1","12.4","0.0","50.9","774.8","4.3","1.2","102.6"
"Jerry Jeudy","DEN","WR54","2.0","8.0","0.0","54.7","790.0","4.2","1.2","102.6"
"Tarik Cohen","CHI","RB46","84.2","318.0","1.7","70.4","476.9","2.6","1.3","102.5"
"Hunter Renfrow","LV","WR55","0.0","0.0","0.0","60.3","721.9","5.2","0.7","101.9"
"Jalen Reagor","PHI","WR56","2.0","11.7","0.0","53.3","715.9","4.8","1.2","99.8"
"Duke Johnson","HOU","RB47","90.6","445.5","1.7","38.7","341.7","2.2","1.5","99.3"
"DeSean Jackson","PHI","WR57","4.0","33.0","1.0","43.2","643.5","4.0","0.1","97.6"
"Justin Jefferson","MIN","WR58","2.0","11.0","0.0","53.0","741.4","4.1","1.2","97.4"
"Noah Fant","DEN","TE11","0.0","0.0","0.0","53.5","710.5","4.6","0.7","97.1"
"J.K. Dobbins","BAL","RB48","120.4","604.1","3.2","15.4","136.9","0.9","1.2","96.5"
"Justin Jackson","LAC","RB49","128.8","615.5","3.3","20.8","133.0","0.5","0.7","96.5"
"Tony Pollard","DAL","RB50","113.4","524.0","2.6","27.2","203.1","1.7","1.3","96.0"
"Austin Hooper","CLE","TE12","0.0","0.0","0.0","57.9","646.6","5.4","0.6","95.8"
"Mecole Hardman","KC","WR59","5.1","17.9","0.1","38.3","619.9","5.6","1.1","95.8"
"Mike Gesicki","MIA","TE13","0.0","0.0","0.0","60.3","665.3","5.1","0.7","95.7"
"Anthony Miller","CHI","WR60","1.9","6.7","0.0","58.5","740.4","3.6","0.7","95.2"
"Allen Lazard","GB","WR61","2.0","19.7","0.0","50.0","671.4","3.8","0.6","90.5"
"N'Keal Harry","NE","WR62","11.1","74.0","0.1","47.0","574.8","4.2","0.7","89.5"
"Rex Burkhead","NE","RB51","91.1","372.2","3.5","27.8","270.0","1.0","1.2","88.8"
"Tyrell Williams","LV","WR63","0.0","3.0","0.0","39.9","601.6","4.6","0.1","87.7"
"Hayden Hurst","ATL","TE14","0.0","0.0","0.0","54.4","639.7","3.8","0.6","85.5"
"Nyheim Hines","IND","RB52","84.2","321.5","2.7","45.2","344.8","0.9","1.7","84.7"
"Danny Amendola","DET","WR64","0.0","0.0","0.0","62.1","685.0","2.9","0.6","84.5"
"Alshon Jeffery","PHI","WR65","1.0","2.0","1.0","46.1","538.1","4.2","0.6","84.0"
"Parris Campbell","IND","WR66","13.0","71.9","0.4","44.7","546.2","3.4","0.3","83.6"
"Brandon Aiyuk","SF","WR67","3.0","14.0","0.0","39.7","597.9","3.9","0.6","83.3"
"Jack Doyle","IND","TE15","0.0","0.0","0.0","54.3","552.0","4.9","0.7","83.2"
"Randall Cobb","HOU","WR68","3.9","16.0","0.0","49.9","632.0","3.2","0.7","82.8"
"Dallas Goedert","PHI","TE16","0.0","0.0","0.0","55.2","552.2","5.0","1.2","82.6"
"James Washington","PIT","WR69","0.0","0.0","0.0","42.3","655.5","3.0","0.6","82.4"
"Larry Fitzgerald","ARI","WR70","0.0","0.0","0.0","53.4","580.8","4.3","0.7","82.4"
"Alexander Mattison","MIN","RB53","128.4","553.1","2.9","10.3","87.6","0.3","0.8","81.9"
"Chris Conley","JAC","WR71","0.0","0.0","0.0","41.6","618.7","3.4","0.2","81.8"
"T.J. Hockenson","DET","TE17","0.0","0.0","0.0","54.3","606.2","3.8","0.7","81.8"
"Cole Beasley","BUF","WR72","0.0","0.0","0.0","56.5","617.4","3.5","0.6","81.8"
"Dede Westbrook","JAC","WR73","3.6","26.1","0.0","59.4","622.3","3.0","0.7","81.5"
"Steven Sims","WAS","WR74","8.5","66.4","0.6","46.5","476.0","4.1","0.7","81.2"
"Denzel Mims","NYJ","WR75","2.0","7.0","0.0","43.4","640.5","2.9","0.6","81.1"
"Corey Davis","TEN","WR76","1.0","8.0","0.0","44.7","595.1","3.5","0.2","81.0"
"Jonnu Smith","TEN","TE18","0.0","0.0","0.0","48.2","541.9","4.5","0.6","79.7"
"Rashaad Penny","SEA","RB54","90.0","434.6","3.4","12.1","109.3","0.9","0.7","78.6"
"Chase Edmonds","ARI","RB55","81.4","353.0","3.7","17.2","135.8","1.4","0.6","78.1"
"Devin Funchess","GB","WR77","0.0","0.0","0.0","39.5","535.9","4.0","0.1","77.4"
"Jamaal Williams","GB","RB56","83.7","335.1","1.3","31.8","228.5","2.4","0.6","77.1"
"Jerick McKinnon","SF","RB57","92.9","404.5","2.2","23.6","205.0","0.8","1.1","76.8"
"Adrian Peterson","WAS","RB58","120.3","481.4","3.0","14.3","118.4","0.2","1.3","76.7"
"Ito Smith","ATL","RB59","75.9","317.7","3.9","26.6","195.6","0.5","0.7","76.1"
"Michael Pittman Jr.","IND","WR78","3.0","13.0","0.0","38.8","537.4","3.7","0.6","76.0"
"Eric Ebron","PIT","TE19","0.0","0.0","0.0","45.5","507.7","4.0","0.1","74.6"
"Chris Herndon IV","NYJ","TE20","0.0","0.0","0.0","41.5","512.2","3.7","0.1","73.1"
"Blake Jarwin","DAL","TE21","0.0","0.0","0.0","42.7","498.8","3.8","0.1","72.6"
"Joshua Kelley","LAC","RB60","111.2","458.2","3.6","7.7","62.3","0.2","1.2","72.3"
"A.J. Dillon","GB","RB61","105.8","444.6","4.0","6.2","51.7","0.2","1.1","72.2"
"Darrynton Evans","TEN","RB62","77.7","345.4","2.1","22.0","205.2","1.0","0.7","72.1"
"Laviska Shenault Jr.","JAC","WR79","10.8","75.2","0.1","36.9","513.3","2.5","1.1","71.9"
"Jalen Richard","LV","RB63","75.3","323.0","1.4","36.1","316.2","0.5","1.7","71.8"
"Russell Gage","ATL","WR80","3.8","15.1","0.0","51.5","513.6","3.3","0.6","71.5"
"Chris Thompson","JAC","RB64","59.6","247.3","1.4","37.4","339.5","0.8","0.7","70.5"
"Anthony McFarland Jr.","PIT","RB65","100.2","406.9","2.7","13.8","111.7","0.7","1.2","70.0"
"Kyle Rudolph","MIN","TE22","0.0","0.0","0.0","40.9","396.6","4.8","0.1","68.5"
"Antonio Gibson","WAS","RB66","49.4","205.8","1.4","37.1","345.9","1.2","1.2","68.3"
"Josh Reynolds","LAR","WR81","6.4","35.3","0.1","33.4","477.8","2.6","0.1","67.6"
"Ian Thomas","CAR","TE23","0.0","0.0","0.0","48.6","462.6","3.8","0.6","67.6"
"Tee Higgins","CIN","WR82","2.0","9.0","0.0","35.7","504.9","2.8","0.6","67.2"
"Greg Olsen","SEA","TE24","0.0","0.0","0.0","36.7","466.1","3.4","0.1","66.8"
"Giovani Bernard","CIN","RB67","80.6","302.4","1.7","31.4","243.3","0.3","0.8","65.5"
"John Ross","CIN","WR83","5.0","16.9","0.1","27.6","435.4","3.5","0.7","65.1"
"Irv Smith Jr.","MIN","TE25","0.0","0.0","0.0","48.9","484.3","3.0","0.6","64.9"
"Kenny Stills","HOU","WR84","0.0","0.0","0.0","30.6","446.0","3.4","0.1","64.6"
"Adam Humphries","TEN","WR85","2.0","5.0","0.0","46.4","478.9","2.9","0.6","64.3"
"Jace Sternberger","GB","TE26","0.0","0.0","0.0","39.3","395.5","4.2","0.6","63.3"
"Antonio Gandy-Golden","WAS","WR86","0.0","0.0","0.0","35.1","497.9","2.2","0.2","62.7"
"Mohamed Sanu","NE","WR87","5.0","19.0","0.0","50.0","499.0","2.0","1.0","61.8"
"Gus Edwards","BAL","RB68","90.9","448.7","2.0","6.1","47.7","0.2","0.7","61.2"
"Dante Pettis","SF","WR88","0.0","0.0","0.0","23.0","310.0","5.0","0.0","61.0"
"Chase Claypool","PIT","WR89","0.0","0.0","0.0","31.3","410.3","3.4","0.2","60.8"
"Jimmy Graham","CHI","TE27","0.0","0.0","0.0","41.3","452.4","2.6","0.1","60.7"
"Dawson Knox","BUF","TE28","0.0","0.0","0.0","37.2","466.5","2.4","0.1","60.5"
"Zach Pascal","IND","WR90","2.0","19.0","0.0","27.4","393.2","3.2","0.5","59.6"
"C.J. Uzomah","CIN","TE29","0.0","0.0","0.0","41.5","387.4","3.5","0.1","59.4"
"Phillip Dorsett","SEA","WR91","2.2","13.4","0.1","28.0","380.8","3.4","0.4","59.4"
"Albert Wilson","MIA","WR92","6.1","35.8","0.1","47.4","453.5","1.8","0.6","58.9"
"Darren Fells","HOU","TE30","0.0","0.0","0.0","31.0","298.6","4.8","0.1","58.5"
"KJ Hamler","DEN","WR93","2.1","12.3","0.1","35.0","426.1","2.4","0.2","58.1"
"Ted Ginn","CHI","WR94","3.6","22.2","0.1","30.3","435.5","1.9","0.2","57.2"
"Tre'Quan Smith","NO","WR95","0.0","1.0","0.0","23.2","310.8","4.3","0.1","56.6"
"Tyler Eifert","JAC","TE31","0.0","0.0","0.0","36.3","389.6","2.8","0.1","55.5"
"Gerald Everett","LAR","TE32","0.0","0.0","0.0","36.0","400.6","2.5","0.1","55.2"
"Allen Hurns","MIA","WR96","2.6","15.6","0.1","32.8","422.6","1.8","0.6","54.0"
"Jaylen Samuels","PIT","RB69","44.3","155.4","1.0","37.0","255.9","1.4","0.7","53.7"
"Kendrick Bourne","SF","WR97","0.0","0.0","0.0","25.2","323.0","3.5","0.1","53.2"
"Dan Arnold","ARI","TE33","0.0","0.0","0.0","25.2","335.5","3.1","0.1","51.8"
"O.J. Howard","TB","TE34","0.0","0.0","0.0","28.5","404.3","2.1","0.6","51.7"
"Lynn Bowden Jr.","LV","WR98","36.4","221.9","1.3","19.3","176.7","0.8","0.6","51.7"
"Willie Snead","BAL","WR99","2.5","14.9","0.1","31.1","357.0","2.3","0.2","50.8"
"Olabisi Johnson","MIN","WR100","1.0","7.0","0.0","29.5","320.5","3.0","0.0","50.6"
"Jakeem Grant","MIA","WR101","7.0","11.0","2.0","27.2","296.9","1.4","0.5","50.4"
"Miles Boykin","BAL","WR102","0.0","0.0","0.0","23.7","339.1","2.8","0.1","50.2"
"Nick Boyle","BAL","TE35","0.0","0.0","0.0","32.5","317.5","3.0","0.1","49.7"
"Tyler Johnson","TB","WR103","3.9","23.7","0.1","28.6","333.1","2.2","0.2","49.0"
"David Njoku","CLE","TE36","0.0","0.0","0.0","24.8","278.6","3.2","0.1","47.2"
"Bryce Love","WAS","RB70","58.9","248.6","1.7","12.9","103.6","0.4","0.3","47.1"
"Jordan Akins","HOU","TE37","0.0","0.0","0.0","30.7","345.1","2.1","0.1","46.9"
"Dion Lewis","NYG","RB71","62.3","242.4","1.0","21.2","131.2","0.8","0.7","46.9"
"Anthony Firkser","TEN","TE38","0.0","0.0","0.0","23.6","309.4","2.7","0.1","46.7"
"David Moore","SEA","WR104","4.4","26.8","0.1","18.5","285.3","2.5","0.3","46.2"
"Van Jefferson","LAR","WR105","2.0","10.0","0.0","24.8","363.7","1.6","0.6","46.1"
"Ryan Griffin","NYJ","TE39","0.0","0.0","0.0","27.5","279.1","3.0","0.0","45.9"
"Jeremy Sprinkle","WAS","TE40","0.0","0.0","0.0","34.5","333.4","2.0","0.1","45.3"
"Trent Taylor","SF","WR106","0.0","0.0","0.0","28.5","308.5","2.2","0.1","43.8"
"Vance McDonald","PIT","TE41","0.0","0.0","0.0","32.5","284.1","2.5","0.1","43.3"
"Marquise Goodwin","PHI","WR107","3.0","27.0","0.0","19.6","282.1","2.0","0.0","43.1"
"Jeff Heuerman","DEN","TE42","0.0","0.0","0.0","24.0","250.0","3.0","0.0","43.0"
"Reggie Bonnafon","CAR","RB72","52.8","253.8","1.7","8.7","73.2","0.2","0.6","42.7"
"Will Dissly","SEA","TE43","0.0","0.0","0.0","21.7","259.3","2.8","0.1","42.4"
"Keelan Cole","JAC","WR108","1.0","4.0","0.0","20.0","302.6","1.7","0.0","41.1"
"Darwin Thompson","KC","RB73","58.8","244.0","1.7","9.2","51.5","0.1","0.5","39.6"
"Kelvin Harmon","WAS","WR109","0.0","0.0","0.0","24.2","312.3","1.4","0.2","39.3"
"Tajae Sharpe","MIN","WR110","0.0","2.0","0.0","19.8","241.3","2.4","0.0","38.6"
"DeeJay Dallas","SEA","RB74","51.3","221.7","1.5","7.5","71.7","0.2","0.6","38.3"
"Benny Snell Jr.","PIT","RB75","68.1","264.2","1.9","2.1","14.8","0.0","0.6","38.0"
"Christian Blake","ATL","WR111","0.0","0.0","0.0","23.1","269.9","1.8","0.1","37.6"
"Dare Ogunbowale","TB","RB76","25.7","91.6","1.9","17.1","136.9","0.4","0.1","36.5"
"Cameron Brate","TB","TE44","0.0","0.0","0.0","20.9","211.7","2.5","0.0","36.3"
"Ryquell Armstead","JAC","RB77","62.8","219.3","1.5","5.7","52.6","0.2","0.6","36.0"
"Royce Freeman","DEN","RB78","41.4","162.9","0.9","18.5","120.0","0.6","0.5","35.8"
"Cole Kmet","CHI","TE45","0.0","0.0","0.0","26.2","274.1","1.6","0.6","35.8"
"Kyle Juszczyk","SF","RB79","5.8","20.6","0.1","23.5","258.8","1.4","0.6","35.5"
"Devin Duvernay","BAL","WR112","2.5","15.2","0.1","21.8","247.7","1.4","0.1","35.1"
"Damien Harris","NE","RB80","44.9","185.7","1.3","8.6","69.7","0.3","0.2","34.3"
"Jesper Horsted","CHI","TE46","0.0","0.0","0.0","28.0","260.0","2.0","2.0","34.0"
"Andy Isabella","ARI","WR113","3.8","19.4","0.1","16.9","219.3","1.5","0.1","33.2"
"Demarcus Robinson","KC","WR114","0.0","0.0","0.0","16.9","223.3","1.8","0.1","33.0"
"Trey Burton","IND","TE47","0.0","0.0","0.0","23.1","219.7","1.8","0.1","32.8"
"Patrick Laird","MIA","RB81","20.8","84.7","0.4","22.2","175.1","0.7","0.2","32.6"
"Scott Miller","TB","WR115","0.0","0.0","0.0","16.8","226.5","1.7","0.1","32.3"
"Josh Oliver","JAC","TE48","0.0","0.0","0.0","22.7","229.4","1.6","0.6","31.2"
"Justice Hill","BAL","RB82","43.6","168.0","1.2","8.5","68.2","0.2","0.5","31.0"
"Jake Kumerow","GB","WR116","0.0","0.0","0.0","16.4","225.2","1.4","0.1","30.5"
"Ryan Nall","CHI","RB83","38.2","159.2","1.0","8.8","69.0","0.3","0.2","30.4"
"Marcedes Lewis","GB","TE49","0.0","0.0","0.0","19.6","202.2","1.7","0.0","30.4"
"Jaeden Graham","ATL","TE50","0.0","0.0","0.0","18.4","220.7","1.3","0.1","30.0"
"Matt LaCosse","NE","TE51","0.0","0.0","0.0","20.9","223.3","1.2","0.1","29.6"
"Jakobi Meyers","NE","WR117","0.0","0.0","0.0","17.5","226.2","1.2","0.1","29.3"
"Jesse James","DET","TE52","0.0","0.0","0.0","22.0","220.1","1.2","0.0","29.2"
"James O'Shaughnessy","JAC","TE53","0.0","0.0","0.0","18.7","186.1","1.7","0.0","28.9"
"Jalen Hurd","SF","WR118","9.3","55.6","0.3","12.0","156.4","1.1","0.1","28.9"
"Maxx Williams","ARI","TE54","0.0","0.0","0.0","17.4","185.1","1.5","0.0","27.4"
"Josh Hill","NO","TE55","0.0","0.0","0.0","17.6","158.3","1.9","0.1","27.0"
"Drew Sample","CIN","TE56","0.0","0.0","0.0","20.5","195.0","1.4","0.5","26.6"
"Lamical Perine","NYJ","RB84","57.0","197.0","1.0","3.0","26.0","0.0","1.0","26.3"
"Logan Thomas","WAS","TE57","0.0","0.0","0.0","19.6","195.7","1.1","0.1","26.1"
"Qadree Ollison","ATL","RB85","35.7","129.8","1.9","1.7","14.4","0.1","0.1","25.7"
"Dalton Schultz","DAL","TE58","0.0","0.0","0.0","16.8","180.1","1.3","0.1","25.5"
"Andre Patton","LAC","WR119","0.0","0.0","0.0","14.5","189.6","1.1","0.1","25.3"
"Jeff Wilson","SF","RB86","29.1","117.4","1.9","1.4","15.3","0.1","0.1","25.0"
"DeAndre Washington","KC","RB87","23.7","102.0","1.3","7.0","55.6","0.2","0.1","24.8"
"Virgil Green","LAC","TE59","0.0","0.0","0.0","14.8","156.8","1.5","0.0","24.4"
"Ricky Seals-Jones","KC","TE60","0.0","0.0","0.0","7.1","111.7","2.2","0.0","24.3"
"Jacob Hollister","SEA","TE61","0.0","0.0","0.0","16.6","160.6","1.3","0.0","24.1"
"Taysom Hill","NO","QB1","0.0","0.0","0.0","14.9","162.6","1.4","0.3","23.8"
"Darrel Williams","KC","RB88","27.0","85.0","2.0","3.0","32.0","0.0","0.0","23.7"
"Mo Alie-Cox","IND","TE62","0.0","0.0","0.0","14.5","186.4","0.8","0.0","23.7"
"Marquez Valdes-Scantling","GB","WR120","0.0","0.0","0.0","11.4","174.2","1.0","0.1","23.5"
"Devin Asiasi","NE","TE63","0.0","0.0","0.0","15.7","165.3","1.3","0.5","23.0"
"Garrett Griffin","NO","TE64","0.0","0.0","0.0","13.0","106.0","2.0","0.0","22.6"
"Javon Wims","CHI","WR121","0.0","0.0","0.0","13.9","170.6","0.9","0.1","22.5"
"Kalif Raymond","TEN","WR122","0.0","0.0","0.0","10.9","155.3","1.1","0.1","22.2"
"Hakeem Butler","ARI","WR123","0.0","0.0","0.0","12.8","159.5","1.0","0.1","22.0"
"Andy Janovich","CLE","RB89","4.0","11.9","1.1","9.9","101.9","0.7","0.0","21.8"
"Brandon Bolden","NE","RB90","14.1","72.7","1.6","4.1","42.3","0.1","0.0","21.7"
"Stephen Sullivan","SEA","TE65","0.0","0.0","0.0","10.0","157.0","1.0","0.0","21.7"
"Mike Boone","MIN","RB91","30.5","130.9","1.1","1.9","15.9","0.1","0.1","21.7"
"Levine Toilolo","NYG","TE66","0.0","0.0","0.0","14.4","146.3","1.2","0.0","21.7"
"Cordarrelle Patterson","CHI","WR124","14.4","87.4","0.4","8.5","80.0","0.4","0.1","21.3"
"Elijah Wellman","GB","RB92","18.0","73.0","1.0","11.0","80.0","0.0","0.0","21.3"
"CJ Ham","MIN","RB93","8.7","35.5","0.3","15.2","132.0","0.5","0.2","21.3"
"Dontrell Hilliard","CLE","RB94","18.2","69.3","1.4","6.0","53.3","0.1","0.1","21.1"
"Tyler Kroft","BUF","TE67","0.0","0.0","0.0","11.9","121.6","1.5","0.0","20.8"
"Codey McElroy","TB","TE68","0.0","0.0","0.0","10.0","146.0","1.0","0.0","20.6"
"Olamide Zaccheaus","ATL","RB95","0.0","0.0","0.0","11.4","150.4","0.9","0.1","20.1"
"Jordan Wilkins","IND","RB96","17.4","77.4","0.6","8.3","65.6","0.4","0.1","19.7"
"Demetrius Harris","CHI","TE69","0.0","0.0","0.0","10.8","105.1","1.5","0.0","19.6"
"Patrick Ricard","BAL","DT1","0.0","0.0","0.0","13.0","73.0","2.0","0.0","19.3"
"Wes Hills","DET","RB97","29.0","107.0","1.0","3.0","25.0","0.0","0.0","19.2"
"Deon Yelder","KC","TE70","0.0","0.0","0.0","11.4","129.0","1.1","0.1","19.1"
"T.J. Yeldon","BUF","RB98","27.8","121.8","0.7","2.9","28.2","0.0","0.0","19.0"
"Kaden Smith","NYG","TE71","0.0","0.0","0.0","13.1","122.9","1.1","0.0","19.0"
"Tanner Hudson","TB","TE72","0.0","0.0","0.0","10.0","126.0","1.0","0.0","18.6"
"Nick O'Leary","LV","TE73","0.0","0.0","0.0","11.0","125.0","1.0","0.0","18.5"
"Khari Lee","ATL","TE74","0.0","0.0","0.0","13.0","124.0","1.0","0.0","18.4"
"Kenneth Dixon","NYJ","RB99","25.0","93.0","1.0","3.0","28.0","0.0","0.0","18.1"
"Blake Bell","DAL","TE75","0.0","0.0","0.0","10.9","118.3","1.0","0.1","17.8"
"Riley Ridley","CHI","WR125","0.0","0.0","0.0","10.9","139.9","0.7","0.1","17.8"
"Vyncint Smith","NYJ","WR126","1.9","10.9","0.1","9.1","123.8","0.7","0.1","17.7"
"Trayveon Williams","CIN","RB100","20.1","81.7","0.6","6.1","47.8","0.2","0.1","17.6"
"Josh Adams","NYJ","RB101","29.1","109.6","0.7","2.5","18.8","0.1","0.1","17.5"
"Ben Braunecker","CHI","TE76","0.0","0.0","0.0","11.0","114.0","1.0","0.0","17.4"
"Harrison Bryant","CLE","TE77","0.0","0.0","0.0","11.8","128.0","0.8","0.0","17.4"
"Rashard Higgins","CLE","WR127","0.0","0.0","0.0","9.3","123.2","0.9","0.1","17.3"
"Pharaoh Brown","CLE","TE78","0.0","0.0","0.0","10.0","113.0","1.0","0.0","17.3"
"Buddy Howell","HOU","RB102","23.1","96.7","0.6","4.0","30.8","0.2","0.1","17.1"
"Bryan Edwards","LV","WR128","0.0","0.0","0.0","9.7","123.5","0.8","0.1","17.1"
"Quintez Cephus","DET","WR129","0.0","0.0","0.0","10.0","126.3","0.7","0.1","16.8"
"Eric Tomlinson","NYG","TE79","0.0","0.0","0.0","11.0","106.0","1.0","0.0","16.6"
"Geronimo Allison","DET","WR130","0.0","0.0","0.0","10.6","121.5","0.8","0.1","16.5"
"Jason Witten","LV","TE80","0.0","0.0","0.0","12.1","105.0","1.0","0.1","16.5"
"Chris Manhertz","CAR","TE81","0.0","0.0","0.0","9.9","116.5","0.8","0.0","16.4"
"Durham Smythe","MIA","TE82","0.0","0.0","0.0","11.3","118.5","0.8","0.1","16.2"
"Auden Tate","CIN","WR131","0.0","0.0","0.0","9.1","120.7","0.7","0.1","16.2"
"Josiah Deguara","GB","TE83","0.0","0.0","0.0","12.2","125.7","0.8","0.5","16.2"
"Dwayne Washington","NO","RB103","20.7","82.8","0.6","4.2","33.0","0.2","0.1","16.2"
"Corey Clement","PHI","RB104","20.7","86.1","0.9","2.2","18.4","0.1","0.1","16.1"
"Foster Moreau","LV","TE84","0.0","0.0","0.0","11.2","100.2","1.0","0.0","15.8"
"Seth Roberts","CAR","WR132","0.0","0.0","0.0","10.7","120.9","0.6","0.1","15.8"
"Adam Shaheen","CHI","TE85","0.0","0.0","0.0","11.5","106.1","1.2","1.0","15.6"
"Jason Huntley","DET","RB105","19.5","77.6","0.6","4.1","35.4","0.1","0.0","15.5"
"MyCole Pruitt","TEN","TE86","0.0","0.0","0.0","8.7","99.2","0.9","0.0","15.4"
"Dalyn Dawkins","TEN","RB106","13.0","54.3","0.4","6.9","56.4","0.4","0.1","15.4"
"Raymond Calais","TB","RB107","19.4","75.5","0.6","4.0","41.0","0.0","0.0","15.4"
"Mike Davis","CAR","RB108","22.5","91.0","0.7","3.2","18.9","0.0","0.0","15.4"
"Troy Fumagalli","DEN","TE87","0.0","0.0","0.0","11.0","90.0","1.0","0.0","15.0"
"Eno Benjamin","ARI","RB109","18.9","77.3","0.5","4.0","31.9","0.2","0.1","14.9"
"Brian Hill","ATL","RB110","17.9","74.9","0.4","4.7","37.8","0.2","0.1","14.7"
"Joe Reed","LAC","WR133","0.0","0.0","0.0","9.0","109.3","0.6","0.1","14.1"
"Marqise Lee","NE","WR134","0.0","0.0","0.0","8.4","106.7","0.6","0.0","14.1"
"John Ursua","SEA","WR135","0.0","0.0","0.0","7.5","95.0","0.8","0.1","14.0"
"DaeSean Hamilton","DEN","WR136","0.0","0.0","0.0","9.7","103.2","0.6","0.1","13.9"
"Kahale Warring","HOU","TE88","0.0","0.0","0.0","8.4","90.9","0.8","0.0","13.8"
"Wayne Gallman","NYG","RB111","16.2","63.7","0.6","4.0","35.0","0.0","0.0","13.6"
"J.J. Arcega-Whiteside","PHI","WR137","0.0","0.0","0.0","6.8","93.6","0.7","0.0","13.5"
"Adam Trautman","NO","TE89","0.0","0.0","0.0","9.3","90.2","0.7","0.0","13.1"
"Bo Scarbrough","DET","RB112","16.1","67.0","0.3","4.2","34.7","0.2","0.1","13.0"
"Devin Smith","DAL","WR138","0.0","0.0","0.0","6.6","90.5","0.7","0.0","12.9"
"Michael Roberts","MIA","TE90","0.0","0.0","0.0","7.9","89.5","0.6","0.0","12.7"
"Justin Watson","TB","WR139","0.0","0.0","0.0","7.3","86.7","0.7","0.0","12.7"
"Ventell Bryant","DAL","WR140","0.0","0.0","0.0","6.8","87.6","0.6","0.0","12.5"
"Ryan Izzo","NE","TE91","0.0","0.0","0.0","6.9","86.1","0.6","0.0","12.4"
"Jordan Thomas","HOU","TE92","0.0","0.0","0.0","7.3","76.7","0.8","0.0","12.4"
"Seth DeValve","CAR","TE93","0.0","0.0","0.0","7.9","85.5","0.6","0.0","12.3"
"Joshua Perkins","PHI","TE94","0.0","0.0","0.0","7.8","80.7","0.7","0.0","12.0"
"Brycen Hopkins","LAR","TE95","0.0","0.0","0.0","7.9","83.1","0.6","0.0","12.0"
"Isaiah McKenzie","BUF","WR141","4.1","25.1","0.1","6.4","66.2","0.4","0.1","12.0"
"Tommy Sweeney","BUF","TE96","0.0","0.0","0.0","6.1","82.3","0.6","0.0","11.9"
"Greg Ward","PHI","WR142","2.1","10.6","0.1","6.7","73.3","0.5","0.1","11.7"
"Damion Ratley","CLE","WR143","0.0","0.0","0.0","6.0","82.2","0.6","0.0","11.7"
"Alec Ingold","LV","RB113","11.9","48.7","0.4","4.0","33.2","0.2","0.1","11.5"
"Cody Latimer","WAS","WR144","0.0","0.0","0.0","6.6","90.2","0.4","0.0","11.4"
"Derek Carrier","LV","TE97","0.0","0.0","0.0","7.9","70.5","0.7","0.0","11.2"
"KeeSean Johnson","ARI","WR145","0.0","0.0","0.0","6.6","77.8","0.6","0.0","11.1"
"Hale Hentges","WAS","TE98","0.0","0.0","0.0","7.4","83.2","0.5","0.0","11.0"
"Donald Parham","LAC","TE99","0.0","0.0","0.0","6.6","73.5","0.6","0.0","11.0"
"Deonte Harris","NO","WR146","2.1","11.3","0.1","5.2","65.3","0.5","0.0","10.9"
"Ameer Abdullah","MIN","RB114","8.7","35.8","0.2","5.8","47.5","0.2","0.1","10.9"
"Ross Dwelley","SF","TE100","0.0","0.0","0.0","6.5","69.7","0.7","0.0","10.8"
"Albert Okwuegbunam","DEN","TE101","0.0","0.0","0.0","7.1","71.0","0.6","0.0","10.7"
"Alex Armah","CAR","RB115","9.7","23.3","1.1","6.0","18.0","0.0","0.0","10.7"
"Charlie Woerner","SF","TE102","0.0","0.0","0.0","6.1","69.1","0.6","0.0","10.7"
"Tyler Conklin","MIN","TE103","0.0","0.0","0.0","6.8","78.2","0.5","0.0","10.4"
"Gabriel Davis","BUF","WR147","0.0","0.0","0.0","5.7","78.4","0.4","0.0","10.2"
"Travis Homer","SEA","RB116","13.3","56.0","0.4","2.4","18.5","0.1","0.1","10.2"
"Trey Quinn","WAS","WR148","0.0","0.0","0.0","7.1","78.3","0.4","0.0","10.2"
"Colby Parkinson","SEA","TE104","0.0","0.0","0.0","6.1","65.4","0.6","0.0","10.1"
"Trenton Cannon","NYJ","RB117","11.1","45.3","0.2","4.0","33.0","0.2","0.1","10.1"
"Nick Vannett","DEN","TE105","0.0","0.0","0.0","7.1","69.2","0.5","0.1","9.8"
"Kalen Ballage","MIA","RB118","10.4","42.4","0.3","4.3","30.7","0.1","0.1","9.7"
"Nelson Agholor","LV","WR149","0.0","0.0","0.0","6.3","68.7","0.5","0.1","9.7"
"Jordan Chunn","DAL","RB119","12.8","51.7","0.4","2.1","16.3","0.1","0.1","9.7"
"Nick Bellore","SEA","LB1","0.0","0.0","0.0","3.4","32.2","1.0","0.0","9.5"
"Elijhaa Penny","NYG","RB120","7.4","30.4","0.3","4.1","33.5","0.2","0.0","9.0"
"Luke Willson","SEA","TE106","0.0","0.0","0.0","5.6","52.2","0.6","0.0","8.6"
"J.D. McKissic","WAS","RB121","6.9","30.0","0.2","4.3","34.6","0.1","0.0","8.3"
"Alex Erickson","CIN","WR150","4.0","24.3","0.1","3.4","40.2","0.2","0.1","8.0"
"Corey Coleman","NYG","WR151","0.0","0.0","0.0","4.2","54.8","0.4","0.0","7.9"
"Taiwan Jones","BUF","RB122","10.3","42.4","0.3","1.9","15.6","0.1","0.1","7.7"
"T.J. Logan","TB","RB123","3.9","16.4","0.1","4.7","34.8","0.2","0.0","7.3"
"Anthony Sherman","KC","RB124","3.4","14.0","0.1","4.3","36.9","0.2","0.0","6.9"
"Rodney Anderson","CIN","RB125","8.0","32.7","0.2","2.0","15.9","0.1","0.1","6.6"
"Zach Gentry","PIT","TE107","0.0","0.0","0.0","3.9","42.5","0.4","0.0","6.5"
"Byron Pringle","KC","WR152","0.0","0.0","0.0","3.5","46.0","0.3","0.0","6.5"
"John Hightower","PHI","WR153","2.1","12.4","0.1","2.4","33.3","0.2","0.0","6.4"
"Marcus Johnson","IND","WR154","0.0","0.0","0.0","3.1","45.8","0.3","0.0","6.2"
"Jordan Scarlett","CAR","RB126","7.2","29.5","0.2","2.2","17.0","0.1","0.0","6.2"
"Chris Lacy","DET","WR155","0.0","0.0","0.0","3.3","44.9","0.3","0.0","6.2"
"Cedrick Wilson","DAL","WR156","0.0","0.0","0.0","3.3","43.5","0.3","0.0","6.0"
"Brandon Zylstra","CAR","WR157","0.0","0.0","0.0","3.6","46.3","0.2","0.0","6.0"
"Robert Tonyan","GB","TE108","0.0","0.0","0.0","3.5","41.5","0.3","0.0","6.0"
"Carson Meier","ATL","TE109","0.0","0.0","0.0","4.0","42.1","0.3","0.0","5.9"
"Darrell Daniels","ARI","TE110","0.0","0.0","0.0","3.4","37.8","0.4","0.0","5.9"
"Equanimeous St. Brown","GB","WR158","0.0","0.0","0.0","3.2","43.9","0.3","0.0","5.9"
"Laquon Treadwell","ATL","WR159","0.0","0.0","0.0","3.9","44.2","0.2","0.0","5.8"
"Johnny Mundt","LAR","TE111","0.0","0.0","0.0","3.8","42.4","0.3","0.0","5.7"
"Chad Beebe","MIN","WR160","0.0","0.0","0.0","3.2","42.8","0.2","0.0","5.6"
"DeAndre Carter","HOU","WR161","0.0","0.0","0.0","3.6","42.0","0.2","0.0","5.6"
"Damiere Byrd","NE","WR162","0.0","0.0","0.0","3.6","43.6","0.2","0.0","5.6"
"Isaiah Ford","MIA","WR163","0.0","0.0","0.0","3.6","42.6","0.2","0.0","5.5"
"Nsimba Webster","LAR","WR164","0.0","0.0","0.0","3.4","43.1","0.2","0.0","5.5"
"Braxton Berrios","NYJ","WR165","0.0","0.0","0.0","3.3","41.7","0.2","0.0","5.4"
"Richard Rodgers","WAS","TE112","0.0","0.0","0.0","3.7","41.4","0.2","0.0","5.4"
"Trevon Wesco","NYJ","TE113","0.0","0.0","0.0","3.5","39.1","0.2","0.0","5.3"
"Pharoh Cooper","CAR","WR166","0.0","0.0","0.0","3.9","41.4","0.2","0.0","5.3"
"Rashard Davis","TEN","WR167","0.0","0.0","0.0","2.8","36.6","0.3","0.0","5.3"
"Daniel Brown","NYJ","TE114","0.0","0.0","0.0","3.6","37.3","0.3","0.0","5.3"
"Donovan Peoples-Jones","CLE","WR168","0.0","0.0","0.0","3.0","38.1","0.2","0.0","5.2"
"Keke Coutee","HOU","WR169","0.0","0.0","0.0","3.6","38.2","0.2","0.0","5.2"
"De'Anthony Thomas","BAL","WR170","0.0","0.0","0.0","3.1","35.7","0.3","0.0","5.1"
"Travis Benjamin","SF","WR171","0.0","0.0","0.0","2.7","38.3","0.2","0.0","5.1"
"Darius Jennings","LAC","WR172","0.0","0.0","0.0","3.1","37.7","0.2","0.0","5.0"
"Patrick DiMarco","BUF","RB127","2.1","8.5","0.1","3.7","31.7","0.1","0.0","5.0"
"Chris Moore","BAL","WR173","0.0","0.0","0.0","2.7","33.7","0.3","0.0","5.0"
"Mason Schreck","CIN","TE115","0.0","0.0","0.0","3.5","37.2","0.2","0.0","5.0"
"Tim Patrick","DEN","WR174","0.0","0.0","0.0","3.0","37.6","0.2","0.0","5.0"
"Lee Smith","BUF","TE116","0.0","0.0","0.0","3.5","33.3","0.3","0.0","5.0"
"K.J. Hill","LAC","WR175","0.0","0.0","0.0","3.0","36.4","0.2","0.0","4.7"
"Keith Smith","ATL","RB128","3.6","14.7","0.1","2.4","19.5","0.1","0.0","4.4"
"Jakob Johnson","NE","RB129","2.0","8.2","0.1","2.1","18.1","0.1","0.0","3.4"
"Lil'Jordan Humphrey","NO","WR176","0.0","0.0","0.0","1.7","21.6","0.2","0.0","3.2"
"Antony Auclair","TB","TE117","0.0","0.0","0.0","2.0","20.6","0.2","0.0","3.2"
"Quez Watkins","PHI","WR177","0.0","0.0","0.0","1.9","22.8","0.2","0.0","3.2"
"Deon Cain","PIT","WR178","0.0","0.0","0.0","1.7","22.3","0.2","0.0","3.1"
"Matt Lengel","IND","TE118","0.0","0.0","0.0","1.8","20.0","0.2","0.0","2.9"
"Collin Johnson","JAC","WR179","0.0","0.0","0.0","1.6","22.7","0.1","0.0","2.9"
"Cody Core","NYG","WR180","0.0","0.0","0.0","1.6","20.3","0.1","0.0","2.7"
"Steven Mitchell Jr.","HOU","WR181","0.0","0.0","0.0","0.0","0.0","0.0","0.0","0.0"
"Moritz Bohringer","CIN","WR182","0.0","0.0","0.0","0.0","0.0","0.0","0.0","0.0"
"Robert Foster","BUF","WR183","0.0","0.0","0.0","0.0","0.0","0.0","0.0","0.0"
"Isaac Whitney","HOU","WR184","0.0","0.0","0.0","0.0","0.0","0.0","0.0","0.0"
"De'Lance Turner","MIA","RB130","0.0","0.0","0.0","0.0","0.0","0.0","0.0","0.0"
"Quincy Adeboyejo","NE","WR185","0.0","0.0","0.0","0.0","0.0","0.0","0.0","0.0"
"Jerome Cunningham","WAS","TE119","0.0","0.0","0.0","0.0","0.0","0.0","0.0","0.0"
"Trenton Irwin","CIN","WR186","0.0","0.0","0.0","0.0","0.0","0.0","0.0","0.0"
"Damion Willis","CIN","WR187","0.0","0.0","0.0","0.0","0.0","0.0","0.0","0.0"
"Troymaine Pope","LAC","RB131","0.0","0.0","0.0","0.0","0.0","0.0","0.0","0.0"
"Terry Godwin","JAC","WR188","0.0","0.0","0.0","0.0","0.0","0.0","0.0","0.0"
"Quadree Henderson","PIT","WR189","0.0","0.0","0.0","0.0","0.0","0.0","0.0","0.0"
"Kerrith Whyte Jr.","PIT","RB132","8.1","34.8","0.2","0.0","0.0","0.0","0.0","0.0"
"Andre Roberts","BUF","WR190","0.0","0.0","0.0","0.0","0.0","0.0","0.0","0.0"
"Jason Vander Laan","NO","TE120","0.0","0.0","0.0","0.0","0.0","0.0","0.0","0.0"
"Diontae Spencer","DEN","WR191","0.0","0.0","0.0","0.0","0.0","0.0","0.0","0.0"
"C.J. Prosise","SEA","RB133","0.0","0.0","0.0","0.0","0.0","0.0","0.0","0.0"
"Temarrick Hemingway","CAR","TE121","0.0","0.0","0.0","0.0","0.0","0.0","0.0","0.0"
"J'Mon Moore","CLE","WR192","0.0","0.0","0.0","0.0","0.0","0.0","0.0","0.0"
"Michael Burton","NO","RB134","0.0","0.0","0.0","0.0","0.0","0.0","0.0","0.0"
"Jaydon Mickens","TB","WR193","0.0","0.0","0.0","0.0","0.0","0.0","0.0","0.0"
"Khalfani Muhammad","DEN","RB135","2.1","8.2","0.1","0.0","0.0","0.0","0.0","0.0"
"Chad Williams","IND","WR194","0.0","0.0","0.0","0.0","0.0","0.0","0.0","0.0"
"Tevin Jones","DAL","WR195","0.0","0.0","0.0","0.0","0.0","0.0","0.0","0.0"
"Stephen Anderson","LAC","TE122","0.0","0.0","0.0","0.0","0.0","0.0","0.0","0.0"
"Cam Sims","WAS","WR196","0.0","0.0","0.0","0.0","0.0","0.0","0.0","0.0"
"Tim White","NO","WR197","0.0","0.0","0.0","0.0","0.0","0.0","0.0","0.0"
"Trey Edmunds","PIT","RB136","0.0","0.0","0.0","0.0","0.0","0.0","0.0","0.0"
"Trent Sherfield","ARI","WR198","0.0","0.0","0.0","0.0","0.0","0.0","0.0","0.0"
"Cethan Carter","CIN","TE123","0.0","0.0","0.0","4.1","34.8","0.1","0.0","0.0"
"Senorise Perry","TEN","RB137","0.0","0.0","0.0","0.0","0.0","0.0","0.0","0.0"
"Freddie Swain","SEA","WR199","0.0","0.0","0.0","0.0","0.0","0.0","0.0","0.0"
"Keelan Doss","LV","WR200","0.0","0.0","0.0","0.0","0.0","0.0","0.0","0.0"
"Jordan Leggett","TB","TE124","0.0","0.0","0.0","0.0","0.0","0.0","0.0","0.0"
"Juwann Winfree","DEN","WR201","0.0","0.0","0.0","0.0","0.0","0.0","0.0","0.0"
"Chandler Cox","MIA","RB138","0.0","0.0","0.0","0.0","0.0","0.0","0.0","0.0"
"Cam Batson","TEN","WR202","0.0","0.0","0.0","0.0","0.0","0.0","0.0","0.0"
"Trevor Davis","CHI","WR203","0.0","0.0","0.0","0.0","0.0","0.0","0.0","0.0"
"Jamize Olawale","DAL","RB139","0.0","0.0","0.0","2.1","19.1","0.1","0.0","0.0"
"Greg Dortch","LAR","WR204","0.0","0.0","0.0","0.0","0.0","0.0","0.0","0.0"
"Khari Blasingame","TEN","RB140","0.0","0.0","0.0","6.9","60.1","0.4","0.0","0.0"
"Fred Brown","DEN","WR205","0.0","0.0","0.0","0.0","0.0","0.0","0.0","0.0"
"Devante Mays","JAC","RB141","0.0","0.0","0.0","0.0","0.0","0.0","0.0","0.0"
"James Looney","GB","DT2","0.0","0.0","0.0","0.0","0.0","0.0","0.0","0.0"
"Jester Weah","WAS","WR206","0.0","0.0","0.0","0.0","0.0","0.0","0.0","0.0"
"Damarea Crockett","GB","RB142","0.0","0.0","0.0","0.0","0.0","0.0","0.0","0.0"
"Robert Davis","PHI","WR207","0.0","0.0","0.0","0.0","0.0","0.0","0.0","0.0"
"Roosevelt Nix","IND","RB143","0.0","0.0","0.0","2.0","17.4","0.1","0.0","0.0"
"Deontay Burnett","PHI","WR208","0.0","0.0","0.0","0.0","0.0","0.0","0.0","0.0"
"Noah Brown","DAL","WR209","0.0","0.0","0.0","0.0","0.0","0.0","0.0","0.0"
"Davion Davis","MIN","WR210","0.0","0.0","0.0","0.0","0.0","0.0","0.0","0.0"
"Jake Butt","DEN","TE125","0.0","0.0","0.0","0.0","0.0","0.0","0.0","0.0"
"Josh Doctson","NYJ","WR211","0.0","0.0","0.0","0.0","0.0","0.0","0.0","0.0"
"Amara Darboh","PIT","WR212","0.0","0.0","0.0","0.0","0.0","0.0","0.0","0.0"
"Maurice Harris","NO","WR213","0.0","0.0","0.0","0.0","0.0","0.0","0.0","0.0"
"Derrick Willies","CLE","WR214","0.0","0.0","0.0","0.0","0.0","0.0","0.0","0.0"
"James Proche","BAL","WR215","0.0","0.0","0.0","0.0","0.0","0.0","0.0","0.0"
"Stephen Carlson","CLE","TE126","0.0","0.0","0.0","0.0","0.0","0.0","0.0","0.0"
"Darrius Shepherd","GB","WR216","0.0","0.0","0.0","0.0","0.0","0.0","0.0","0.0"
"Eric Saubert","CHI","TE127","0.0","0.0","0.0","0.0","0.0","0.0","0.0","0.0"
"Emanuel Hall","WAS","WR217","0.0","0.0","0.0","0.0","0.0","0.0","0.0","0.0"
"Rod Smith","LV","RB144","38.6","155.6","1.5","0.0","0.0","0.0","0.1","0.0"
"Bruce Anderson","IND","RB145","0.0","0.0","0.0","0.0","0.0","0.0","0.0","0.0"
"Ray-Ray McCloud","BUF","WR218","0.0","0.0","0.0","0.0","0.0","0.0","0.0","0.0"
"K.J. Osborn","MIN","WR219","0.0","0.0","0.0","0.0","0.0","0.0","0.0","0.0"
"Brandon Dillon","MIN","TE128","0.0","0.0","0.0","0.0","0.0","0.0","0.0","0.0"
"Spencer Schnell","TB","WR220","0.0","0.0","0.0","0.0","0.0","0.0","0.0","0.0"
"Garrett Dickerson","NYG","TE129","0.0","0.0","0.0","0.0","0.0","0.0","0.0","0.0"
"Geremy Davis","DET","WR221","0.0","0.0","0.0","0.0","0.0","0.0","0.0","0.0"
"Christian Wade","BUF","RB146","0.0","0.0","0.0","0.0","0.0","0.0","0.0","0.0"
"Daurice Fountain","IND","WR222","0.0","0.0","0.0","0.0","0.0","0.0","0.0","0.0"
"Shaun Wilson","TEN","RB147","0.0","0.0","0.0","0.0","0.0","0.0","0.0","0.0"
"Chad Hansen","HOU","WR223","0.0","0.0","0.0","0.0","0.0","0.0","0.0","0.0"
"Samaje Perine","CIN","RB148","0.0","0.0","0.0","0.0","0.0","0.0","0.0","0.0"
"Mack Hollins","MIA","WR224","0.0","0.0","0.0","0.0","0.0","0.0","0.0","0.0"
"Marcus Kemp","KC","WR225","0.0","0.0","0.0","0.0","0.0","0.0","0.0","0.0"
"Ben Koyack","JAC","TE130","0.0","0.0","0.0","0.0","0.0","0.0","0.0","0.0"
"Tom Kennedy","DET","WR226","0.0","0.0","0.0","0.0","0.0","0.0","0.0","0.0"
"Penny Hart","SEA","WR227","0.0","0.0","0.0","0.0","0.0","0.0","0.0","0.0"
"Krishawn Hogan","NO","WR228","0.0","0.0","0.0","0.0","0.0","0.0","0.0","0.0"
"Isaac Nauta","DET","TE131","0.0","0.0","0.0","0.0","0.0","0.0","0.0","0.0"
"Ricardo Louis","MIA","WR229","0.0","0.0","0.0","0.0","0.0","0.0","0.0","0.0"
"Karan Higdon","HOU","RB149","11.5","47.1","0.3","0.0","0.0","0.0","0.1","0.0"
"Dezmon Patmon","IND","WR230","0.0","0.0","0.0","0.0","0.0","0.0","0.0","0.0"
"Nick Bawden","DET","RB150","0.0","0.0","0.0","8.5","71.6","0.4","0.0","0.0"
"J.P. Holtz","CHI","TE132","0.0","0.0","0.0","0.0","0.0","0.0","0.0","0.0"
"C.J. Board","JAC","WR231","0.0","0.0","0.0","0.0","0.0","0.0","0.0","0.0"
"Dillon Mitchell","MIN","WR232","0.0","0.0","0.0","0.0","0.0","0.0","0.0","0.0"
"Keith Kirkwood","CAR","WR233","0.0","0.0","0.0","0.0","0.0","0.0","0.0","0.0"
"Gunner Olszewski","NE","WR234","0.0","0.0","0.0","0.0","0.0","0.0","0.0","0.0"
"Tyler Davis","JAC","WR235","0.0","0.0","0.0","0.0","0.0","0.0","0.0","0.0"
"Darnell Mooney","CHI","WR236","0.0","0.0","0.0","0.0","0.0","0.0","0.0","0.0"
"Jason Moore","LAC","WR237","0.0","0.0","0.0","0.0","0.0","0.0","0.0","0.0"
"Alex Ellis","PHI","TE133","0.0","0.0","0.0","0.0","0.0","0.0","0.0","0.0"
"Cole Hikutini","DAL","TE134","0.0","0.0","0.0","0.0","0.0","0.0","0.0","0.0"
"Gary Jennings Jr.","MIA","WR238","0.0","0.0","0.0","0.0","0.0","0.0","0.0","0.0"
"Craig Reynolds","ATL","RB151","0.0","0.0","0.0","0.0","0.0","0.0","0.0","0.0"
"DeAndrew White","CAR","WR239","0.0","0.0","0.0","0.0","0.0","0.0","0.0","0.0"
"Darius Jackson","IND","RB152","0.0","0.0","0.0","0.0","0.0","0.0","0.0","0.0"
"Jaleel Scott","BAL","WR240","0.0","0.0","0.0","0.0","0.0","0.0","0.0","0.0"
"Dylan Cantrell","LAC","WR241","0.0","0.0","0.0","0.0","0.0","0.0","0.0","0.0"
"Derek Watt","PIT","RB153","0.0","0.0","0.0","4.4","38.6","0.2","0.0","0.0"
"Jason Croom","BUF","TE135","0.0","0.0","0.0","0.0","0.0","0.0","0.0","0.0"
"Ashton Dulin","IND","WR242","0.0","0.0","0.0","0.0","0.0","0.0","0.0","0.0"
"Victor Bolden Jr.","DET","WR243","0.0","0.0","0.0","0.0","0.0","0.0","0.0","0.0"
"Shelton Gibson","PHI","WR244","0.0","0.0","0.0","0.0","0.0","0.0","0.0","0.0"
"Tyrie Cleveland","DEN","WR245","0.0","0.0","0.0","0.0","0.0","0.0","0.0","0.0"
"Alexander Hollins","MIN","WR246","0.0","0.0","0.0","0.0","0.0","0.0","0.0","0.0"
"Malcolm Johnson","GB","RB154","0.0","0.0","0.0","0.0","0.0","0.0","0.0","0.0"
"Marcus Green","PHI","WR247","0.0","0.0","0.0","0.0","0.0","0.0","0.0","0.0"
"Myles Gaskin","MIA","RB155","0.0","0.0","0.0","0.0","0.0","0.0","0.0","0.0"
"Tommylee Lewis","NO","WR248","0.0","0.0","0.0","0.0","0.0","0.0","0.0","0.0"
"Dexter Williams","GB","RB156","5.8","23.9","0.2","0.0","0.0","0.0","0.0","0.0"
"Javorius Allen","NYG","RB157","0.0","0.0","0.0","0.0","0.0","0.0","0.0","0.0"
"Ryan Switzer","PIT","WR249","0.0","0.0","0.0","0.0","0.0","0.0","0.0","0.0"
"Khadarel Hodge","CLE","WR250","0.0","0.0","0.0","0.0","0.0","0.0","0.0","0.0"
"Cyril Grayson","TB","WR251","0.0","0.0","0.0","0.0","0.0","0.0","0.0","0.0"
"Tony Brooks-James","MIN","RB158","0.0","0.0","0.0","0.0","0.0","0.0","0.0","0.0"
"Josh Malone","NYJ","WR252","0.0","0.0","0.0","0.0","0.0","0.0","0.0","0.0"
"D.J. Foster","ARI","RB159","0.0","0.0","0.0","0.0","0.0","0.0","0.0","0.0"
"Brandon Powell","ATL","WR253","0.0","0.0","0.0","0.0","0.0","0.0","0.0","0.0"
"Ricky Ortiz","NO","RB160","0.0","0.0","0.0","4.1","35.4","0.2","0.0","0.0"
"Kelvin McKnight","DEN","WR254","0.0","0.0","0.0","0.0","0.0","0.0","0.0","0.0"
"Travis Fulgham","DET","WR255","0.0","0.0","0.0","0.0","0.0","0.0","0.0","0.0"
"Ty Johnson","DET","RB161","0.0","0.0","0.0","0.0","0.0","0.0","0.0","0.0"
"Marvin Hall","DET","WR256","0.0","0.0","0.0","0.0","0.0","0.0","0.0","0.0"
"Devontae Booker","DEN","RB162","0.0","0.0","0.0","0.0","0.0","0.0","0.0","0.0"
"Clive Walford","MIA","TE136","0.0","0.0","0.0","0.0","0.0","0.0","0.0","0.0"
"Isaiah Coulter","HOU","WR257","0.0","0.0","0.0","0.0","0.0","0.0","0.0","0.0"
"Andrew Beck","DEN","TE137","0.0","0.0","0.0","12.4","126.5","1.2","0.0","0.0"
"Kendall Blanton","LAR","TE138","0.0","0.0","0.0","0.0","0.0","0.0","0.0","0.0"
"Ishmael Hyman","CAR","WR258","0.0","0.0","0.0","0.0","0.0","0.0","0.0","0.0"
"Jordan Franks","CIN","TE139","0.0","0.0","0.0","0.0","0.0","0.0","0.0","0.0"
"Artavis Scott","IND","WR259","0.0","0.0","0.0","0.0","0.0","0.0","0.0","0.0"
"Elijah McGuire","KC","RB163","0.0","0.0","0.0","0.0","0.0","0.0","0.0","0.0"
"Da'Mari Scott","NYG","WR260","0.0","0.0","0.0","0.0","0.0","0.0","0.0","0.0"
"Michael Walker","JAC","WR261","0.0","0.0","0.0","0.0","0.0","0.0","0.0","0.0"
"Jalen Guyton","LAC","WR262","0.0","0.0","0.0","0.0","0.0","0.0","0.0","0.0"
"Jeff Smith","NYJ","WR263","0.0","0.0","0.0","0.0","0.0","0.0","0.0","0.0"
"Evan Baylis","GB","TE140","0.0","0.0","0.0","0.0","0.0","0.0","0.0","0.0"
"Zay Jones","LV","WR264","0.0","0.0","0.0","0.0","0.0","0.0","0.0","0.0"
"Jonathan Hilliman","NYG","RB164","0.0","0.0","0.0","0.0","0.0","0.0","0.0","0.0"
"Mike Thomas","CIN","WR265","0.0","0.0","0.0","0.0","0.0","0.0","0.0","0.0"
"Josh Ferguson","WAS","RB165","0.0","0.0","0.0","0.0","0.0","0.0","0.0","0.0"
"Caleb Wilson","WAS","TE141","0.0","0.0","0.0","0.0","0.0","0.0","0.0","0.0"
"Dontrelle Inman","IND","WR266","0.0","0.0","0.0","0.0","0.0","0.0","0.0","0.0"
"David Fluellen","TEN","RB166","0.0","0.0","0.0","0.0","0.0","0.0","0.0","0.0"
"Josh Bellamy","NYJ","WR267","0.0","0.0","0.0","0.0","0.0","0.0","0.0","0.0"
"Jordan Matthews","SF","WR268","0.0","0.0","0.0","0.0","0.0","0.0","0.0","0.0"
"John Kelly","LAR","RB167","0.0","0.0","0.0","0.0","0.0","0.0","0.0","0.0"
"Gehrig Dieter","KC","WR269","0.0","0.0","0.0","0.0","0.0","0.0","0.0","0.0"
"D'Ernest Johnson","CLE","RB168","8.1","34.0","0.3","0.0","0.0","0.0","0.0","0.0"
"Wendell Smallwood","WAS","RB169","0.0","0.0","0.0","0.0","0.0","0.0","0.0","0.0"
"Sean Culkin","LAC","TE142","0.0","0.0","0.0","0.0","0.0","0.0","0.0","0.0"
"Isaiah Hodgins","BUF","WR270","0.0","0.0","0.0","0.0","0.0","0.0","0.0","0.0"
"Devine Ozigbo","JAC","RB170","4.9","20.5","0.1","0.0","0.0","0.0","0.0","0.0"
"Stanley Morgan Jr.","CIN","WR271","0.0","0.0","0.0","0.0","0.0","0.0","0.0","0.0"
"Antoine Wesley","BAL","WR272","0.0","0.0","0.0","0.0","0.0","0.0","0.0","0.0"
"Peyton Barber","WAS","RB171","0.0","0.0","0.0","0.0","0.0","0.0","0.0","0.0"
"Jehu Chesson","NYJ","WR273","0.0","0.0","0.0","0.0","0.0","0.0","0.0","0.0"
"Tyler Ervin","GB","RB172","0.0","0.0","0.0","0.0","0.0","0.0","0.0","0.0"
"Matt Slater","NE","WR274","0.0","0.0","0.0","0.0","0.0","0.0","0.0","0.0"
"Cody Hollister","TEN","WR275","0.0","0.0","0.0","0.0","0.0","0.0","0.0","0.0"
"Spencer Ware","KC","RB173","0.0","0.0","0.0","0.0","0.0","0.0","0.0","0.0"
"Ross Travis","NYJ","TE143","0.0","0.0","0.0","0.0","0.0","0.0","0.0","0.0"
"Rodney Adams","IND","WR276","0.0","0.0","0.0","0.0","0.0","0.0","0.0","0.0"
"Malcolm Perry","MIA","WR277","0.0","0.0","0.0","0.0","0.0","0.0","0.0","0.0"
"Darvin Kidsy","WAS","WR278","0.0","0.0","0.0","0.0","0.0","0.0","0.0","0.0"
"Dan Vitale","NE","RB174","0.0","0.0","0.0","0.0","0.0","0.0","0.0","0.0"
"Charone Peake","JAC","WR279","0.0","0.0","0.0","0.0","0.0","0.0","0.0","0.0"
"Emmanuel Butler","NO","WR280","0.0","0.0","0.0","0.0","0.0","0.0","0.0","0.0"
"Xavier Grimble","IND","TE144","0.0","0.0","0.0","0.0","0.0","0.0","0.0","0.0"
"Taywan Taylor","CLE","WR281","0.0","0.0","0.0","0.0","0.0","0.0","0.0","0.0"
"Cullen Gillaspia","HOU","RB175","0.0","0.0","0.0","0.0","0.0","0.0","0.0","0.0"
"Tyrone Swoopes","SEA","TE145","0.0","0.0","0.0","0.0","0.0","0.0","0.0","0.0"
"Jauan Jennings","SF","WR282","0.0","0.0","0.0","0.0","0.0","0.0","0.0","0.0"
"Charles Jones","JAC","TE146","0.0","0.0","0.0","0.0","0.0","0.0","0.0","0.0"
"Rico Gafford","LV","CB1","0.0","0.0","0.0","0.0","0.0","0.0","0.0","0.0"
"Jonathan Williams","IND","RB176","0.0","0.0","0.0","0.0","0.0","0.0","0.0","0.0"
"Cole Wick","NO","TE147","0.0","0.0","0.0","0.0","0.0","0.0","0.0","0.0"
"Taquan Mizzell","NO","RB177","0.0","0.0","0.0","0.0","0.0","0.0","0.0","0.0"
"Frank Gore","NYJ","RB178","0.0","0.0","0.0","0.0","0.0","0.0","0.0","0.0"
"JoJo Natson","CLE","WR283","0.0","0.0","0.0","0.0","0.0","0.0","0.0","0.0"
"Elijah Holyfield","PHI","RB179","0.0","0.0","0.0","0.0","0.0","0.0","0.0","0.0"
"Marcell Ateman","LV","WR284","0.0","0.0","0.0","0.0","0.0","0.0","0.0","0.0"
""
""